--
-- PostgreSQL database dump
--

\restrict HU8g9NUSpPa9DKh8VjYImG5GpxnuRj8dAgineJ939UH1gW0eXhJEdTNbjc82zWa

-- Dumped from database version 17.7 (Debian 17.7-3.pgdg13+1)
-- Dumped by pg_dump version 17.7 (Debian 17.7-3.pgdg13+1)

SET statement_timeout = 0;
SET lock_timeout = 0;
SET idle_in_transaction_session_timeout = 0;
SET transaction_timeout = 0;
SET client_encoding = 'UTF8';
SET standard_conforming_strings = on;
SELECT pg_catalog.set_config('search_path', '', false);
SET check_function_bodies = false;
SET xmloption = content;
SET client_min_messages = warning;
SET row_security = off;

SET default_tablespace = '';

SET default_table_access_method = heap;

--
-- Name: arca_file; Type: TABLE; Schema: public; Owner: valvx
--

CREATE TABLE public.arca_file (
    id uuid NOT NULL,
    created_at timestamp without time zone DEFAULT CURRENT_TIMESTAMP NOT NULL,
    updated_at timestamp without time zone DEFAULT CURRENT_TIMESTAMP NOT NULL,
    name text NOT NULL,
    ext text
);


ALTER TABLE public.arca_file OWNER TO valvx;

--
-- Name: arca_file_version; Type: TABLE; Schema: public; Owner: valvx
--

CREATE TABLE public.arca_file_version (
    id uuid NOT NULL,
    created_at timestamp without time zone DEFAULT CURRENT_TIMESTAMP NOT NULL,
    updated_at timestamp without time zone DEFAULT CURRENT_TIMESTAMP NOT NULL,
    number bigint NOT NULL,
    size bigint NOT NULL,
    file_id uuid NOT NULL,
    creator_id uuid NOT NULL
);


ALTER TABLE public.arca_file_version OWNER TO valvx;

--
-- Name: arca_folder; Type: TABLE; Schema: public; Owner: valvx
--

CREATE TABLE public.arca_folder (
    id uuid NOT NULL,
    created_at timestamp without time zone DEFAULT CURRENT_TIMESTAMP NOT NULL,
    updated_at timestamp without time zone DEFAULT CURRENT_TIMESTAMP NOT NULL,
    name text NOT NULL,
    project_id uuid NOT NULL,
    creator_id uuid NOT NULL,
    parent_id uuid
);


ALTER TABLE public.arca_folder OWNER TO valvx;

--
-- Name: arca_folder_file; Type: TABLE; Schema: public; Owner: valvx
--

CREATE TABLE public.arca_folder_file (
    folder_id uuid NOT NULL,
    file_id uuid NOT NULL
);


ALTER TABLE public.arca_folder_file OWNER TO valvx;

--
-- Name: core_project; Type: TABLE; Schema: public; Owner: valvx
--

CREATE TABLE public.core_project (
    id uuid NOT NULL,
    created_at timestamp without time zone DEFAULT CURRENT_TIMESTAMP NOT NULL,
    updated_at timestamp without time zone DEFAULT CURRENT_TIMESTAMP NOT NULL,
    name text NOT NULL,
    code text NOT NULL,
    tenant_id uuid NOT NULL
);


ALTER TABLE public.core_project OWNER TO valvx;

--
-- Name: core_tenant; Type: TABLE; Schema: public; Owner: valvx
--

CREATE TABLE public.core_tenant (
    id uuid NOT NULL,
    created_at timestamp without time zone DEFAULT CURRENT_TIMESTAMP NOT NULL,
    updated_at timestamp without time zone DEFAULT CURRENT_TIMESTAMP NOT NULL,
    name text NOT NULL
);


ALTER TABLE public.core_tenant OWNER TO valvx;

--
-- Name: diurna_bulletin; Type: TABLE; Schema: public; Owner: valvx
--

CREATE TABLE public.diurna_bulletin (
    id uuid NOT NULL,
    created_at timestamp without time zone DEFAULT CURRENT_TIMESTAMP NOT NULL,
    updated_at timestamp without time zone DEFAULT CURRENT_TIMESTAMP NOT NULL,
    published boolean NOT NULL,
    published_at timestamp without time zone,
    archived boolean NOT NULL,
    archived_at timestamp without time zone,
    title text NOT NULL,
    body text,
    project_id uuid NOT NULL,
    author_id uuid NOT NULL
);


ALTER TABLE public.diurna_bulletin OWNER TO valvx;

--
-- Name: iam_account; Type: TABLE; Schema: public; Owner: valvx
--

CREATE TABLE public.iam_account (
    id uuid NOT NULL,
    created_at timestamp without time zone DEFAULT CURRENT_TIMESTAMP NOT NULL,
    updated_at timestamp without time zone DEFAULT CURRENT_TIMESTAMP NOT NULL,
    name text NOT NULL,
    password text
);


ALTER TABLE public.iam_account OWNER TO valvx;

--
-- Name: iam_group; Type: TABLE; Schema: public; Owner: valvx
--

CREATE TABLE public.iam_group (
    id uuid NOT NULL,
    created_at timestamp without time zone DEFAULT CURRENT_TIMESTAMP NOT NULL,
    updated_at timestamp without time zone DEFAULT CURRENT_TIMESTAMP NOT NULL,
    name text NOT NULL,
    tenant_id uuid,
    project_id uuid,
    grants text[] NOT NULL
);


ALTER TABLE public.iam_group OWNER TO valvx;

--
-- Name: iam_group_membership; Type: TABLE; Schema: public; Owner: valvx
--

CREATE TABLE public.iam_group_membership (
    group_id uuid NOT NULL,
    profile_id uuid NOT NULL
);


ALTER TABLE public.iam_group_membership OWNER TO valvx;

--
-- Name: iam_ident; Type: TABLE; Schema: public; Owner: valvx
--

CREATE TABLE public.iam_ident (
    id uuid NOT NULL,
    created_at timestamp without time zone DEFAULT CURRENT_TIMESTAMP NOT NULL,
    updated_at timestamp without time zone DEFAULT CURRENT_TIMESTAMP NOT NULL,
    email text NOT NULL,
    main_email boolean NOT NULL,
    account_id uuid NOT NULL
);


ALTER TABLE public.iam_ident OWNER TO valvx;

--
-- Name: iam_profile; Type: TABLE; Schema: public; Owner: valvx
--

CREATE TABLE public.iam_profile (
    id uuid NOT NULL,
    created_at timestamp without time zone DEFAULT CURRENT_TIMESTAMP NOT NULL,
    updated_at timestamp without time zone DEFAULT CURRENT_TIMESTAMP NOT NULL,
    name text NOT NULL,
    project_accepted boolean NOT NULL,
    account_accepted boolean NOT NULL,
    removed boolean NOT NULL,
    active boolean NOT NULL,
    invite_code text,
    project_id uuid NOT NULL,
    ident_id uuid NOT NULL,
    inviter_id uuid
);


ALTER TABLE public.iam_profile OWNER TO valvx;

--
-- Name: iam_session; Type: TABLE; Schema: public; Owner: valvx
--

CREATE TABLE public.iam_session (
    token text NOT NULL,
    data bytea NOT NULL,
    expiry timestamp without time zone NOT NULL
);


ALTER TABLE public.iam_session OWNER TO valvx;

--
-- Name: migration_version; Type: TABLE; Schema: public; Owner: valvx
--

CREATE TABLE public.migration_version (
    version integer
);


ALTER TABLE public.migration_version OWNER TO valvx;

--
-- Name: opus_comment; Type: TABLE; Schema: public; Owner: valvx
--

CREATE TABLE public.opus_comment (
    id uuid NOT NULL,
    created_at timestamp without time zone DEFAULT CURRENT_TIMESTAMP NOT NULL,
    updated_at timestamp without time zone DEFAULT CURRENT_TIMESTAMP NOT NULL,
    body text,
    ticket_id uuid NOT NULL,
    creator_id uuid NOT NULL
);


ALTER TABLE public.opus_comment OWNER TO valvx;

--
-- Name: opus_status; Type: TABLE; Schema: public; Owner: valvx
--

CREATE TABLE public.opus_status (
    id uuid NOT NULL,
    created_at timestamp without time zone DEFAULT CURRENT_TIMESTAMP NOT NULL,
    updated_at timestamp without time zone DEFAULT CURRENT_TIMESTAMP NOT NULL,
    kind text NOT NULL,
    name text NOT NULL,
    sortpos integer NOT NULL,
    color text NOT NULL,
    project_id uuid NOT NULL
);


ALTER TABLE public.opus_status OWNER TO valvx;

--
-- Name: opus_ticket; Type: TABLE; Schema: public; Owner: valvx
--

CREATE TABLE public.opus_ticket (
    id uuid NOT NULL,
    created_at timestamp without time zone DEFAULT CURRENT_TIMESTAMP NOT NULL,
    updated_at timestamp without time zone DEFAULT CURRENT_TIMESTAMP NOT NULL,
    kind text NOT NULL,
    number bigint NOT NULL,
    title text NOT NULL,
    description text,
    start_date date,
    due_date date,
    file_comment jsonb,
    project_id uuid NOT NULL,
    parent_id uuid,
    status_id uuid NOT NULL,
    creator_id uuid NOT NULL,
    assignee_id uuid,
    file_version_id uuid
);


ALTER TABLE public.opus_ticket OWNER TO valvx;

--
-- Name: rogo_answer; Type: TABLE; Schema: public; Owner: valvx
--

CREATE TABLE public.rogo_answer (
    id uuid NOT NULL,
    created_at timestamp without time zone DEFAULT CURRENT_TIMESTAMP NOT NULL,
    updated_at timestamp without time zone DEFAULT CURRENT_TIMESTAMP NOT NULL,
    official boolean NOT NULL,
    body text NOT NULL,
    question_id uuid NOT NULL,
    author_id uuid NOT NULL
);


ALTER TABLE public.rogo_answer OWNER TO valvx;

--
-- Name: rogo_question; Type: TABLE; Schema: public; Owner: valvx
--

CREATE TABLE public.rogo_question (
    id uuid NOT NULL,
    created_at timestamp without time zone DEFAULT CURRENT_TIMESTAMP NOT NULL,
    updated_at timestamp without time zone DEFAULT CURRENT_TIMESTAMP NOT NULL,
    published boolean NOT NULL,
    published_at timestamp without time zone,
    archived boolean NOT NULL,
    archived_at timestamp without time zone,
    title text NOT NULL,
    body text,
    project_id uuid NOT NULL,
    author_id uuid NOT NULL
);


ALTER TABLE public.rogo_question OWNER TO valvx;

--
-- Data for Name: arca_file; Type: TABLE DATA; Schema: public; Owner: valvx
--

COPY public.arca_file (id, created_at, updated_at, name, ext) FROM stdin;
0199cd4b-6613-78b6-9445-16dc0803aaec	2025-10-10 08:44:54.676721	2025-10-10 08:44:54.676721	Blank A0	pdf
0199cd53-3a8f-7c62-8411-5c0b286404c7	2025-10-10 08:53:27.824163	2025-10-10 08:53:27.824163	Farmhouse_Drawing_Set_V-001	pdf
0199cd52-b905-7bb8-9d59-062765fb2d43	2025-10-10 08:52:54.662123	2025-10-10 09:09:51.748601	Blank A0 4 by 4	pdf
0199f137-4313-7440-9627-48c6d7974974	2025-10-17 08:09:14.772493	2025-10-17 08:09:14.772493	Alternativ 2	pdf
019a5b22-4c72-7191-91aa-e65dd50243a7	2025-11-06 21:46:05.811579	2025-11-06 21:46:05.811579	Ifc2x3_Duplex_Architecture	ifc
019a5b22-6010-7391-8f25-f4ec6bce1af2	2025-11-06 21:46:10.83318	2025-11-06 21:46:10.83318	Ifc2x3_SampleCastle	ifc
019a5da3-39ad-774c-952a-098b35d837e5	2025-11-07 09:26:09.583056	2025-11-07 09:26:09.583056	A-40-V-J000 	ifc
019aa7a8-9c99-789a-bbd6-daa7c9025dab	2025-11-21 18:23:56.570803	2025-11-21 18:23:56.570803	E-60-V-B000	ifc
019aa7a8-9cc7-7c43-a7b0-0566b91a3ba8	2025-11-21 18:23:56.616525	2025-11-21 18:23:56.616525	Ifc2s3_Duplex_Electrical	ifc
019aa7a8-9cd0-78af-8a06-d5d112c68034	2025-11-21 18:23:56.62506	2025-11-21 18:23:56.62506	Ifc2x3_Duplex_Plumbing	ifc
019aa7a8-9cd6-799a-92f4-dd322594fd05	2025-11-21 18:23:56.631072	2025-11-21 18:23:56.631072	K-20-V-B000	ifc
019aa7a8-9cdb-7d15-92f8-acf443c95b89	2025-11-21 18:23:56.636275	2025-11-21 18:23:56.636275	KP-23-V-B000	ifc
019aa7a8-9ce1-750f-91b9-6e28c7eebe46	2025-11-21 18:23:56.641679	2025-11-21 18:23:56.641679	KP-V-STÅLTRAPPOR	ifc
019aa7a8-9ce6-7361-a3cf-97e01fd85d9d	2025-11-21 18:23:56.646505	2025-11-21 18:23:56.646505	V-57-V-B000	ifc
019aa7a8-9cea-74f2-9a66-9f74c07b1fe3	2025-11-21 18:23:56.650548	2025-11-21 18:23:56.650548	Vendelsömalm	bcf
019aa7a8-9cee-7300-89ee-5791f3d7c417	2025-11-21 18:23:56.654524	2025-11-21 18:23:56.654524	W-50-V-B000	ifc
019ab620-682b-7762-9597-7c97bd537615	2025-11-24 13:49:28.492391	2025-11-24 13:49:28.492391	Ifc2s3_Duplex_Electrical	ifc
019ab620-6999-7e0c-9485-5cc3dd7a3680	2025-11-24 13:49:28.858212	2025-11-24 13:49:28.858212	Ifc2x3_Duplex_Mechanical	ifc
019ab620-6a3c-7974-90d1-896c0c440e52	2025-11-24 13:49:29.020982	2025-11-24 13:49:29.020982	Ifc2x3_Duplex_MEP	ifc
019ab620-6a40-7e7e-b1b0-04dccf5d8c34	2025-11-24 13:49:29.02523	2025-11-24 13:49:29.02523	Ifc2x3_Duplex_Plumbing	ifc
\.


--
-- Data for Name: arca_file_version; Type: TABLE DATA; Schema: public; Owner: valvx
--

COPY public.arca_file_version (id, created_at, updated_at, number, size, file_id, creator_id) FROM stdin;
0199cd4b-6619-78db-af41-af59a5446de9	2025-10-10 08:44:54.682685	2025-10-10 08:44:54.682685	1	19511	0199cd4b-6613-78b6-9445-16dc0803aaec	4b95668f-9cbb-4526-836d-a188290e3799
0199cd52-b908-75e2-97e2-28b4b6ad3ffa	2025-10-10 08:52:54.664656	2025-10-10 08:52:54.664656	1	20418	0199cd52-b905-7bb8-9d59-062765fb2d43	4b95668f-9cbb-4526-836d-a188290e3799
0199cd53-3a93-766f-a92a-f01167355826	2025-10-10 08:53:27.827727	2025-10-10 08:53:27.827727	1	2660844	0199cd53-3a8f-7c62-8411-5c0b286404c7	4b95668f-9cbb-4526-836d-a188290e3799
0199cd62-31fb-70a7-a508-91081ee4de65	2025-10-10 09:09:48.668366	2025-10-10 09:09:48.668366	2	20418	0199cd52-b905-7bb8-9d59-062765fb2d43	4b95668f-9cbb-4526-836d-a188290e3799
0199cd62-3dff-7693-9695-a6bf43ce3dcd	2025-10-10 09:09:51.7438	2025-10-10 09:09:51.7438	3	20418	0199cd52-b905-7bb8-9d59-062765fb2d43	4b95668f-9cbb-4526-836d-a188290e3799
0199f137-4318-7429-96bb-46a81e5d0a1f	2025-10-17 08:09:14.777247	2025-10-17 08:09:14.777247	1	9119929	0199f137-4313-7440-9627-48c6d7974974	1c8b3124-2360-43bd-838a-052f02949b0d
019a5b22-4c78-750e-afd8-c1be24ab046f	2025-11-06 21:46:05.817505	2025-11-06 21:46:05.817505	1	2380763	019a5b22-4c72-7191-91aa-e65dd50243a7	4b95668f-9cbb-4526-836d-a188290e3799
019a5b22-6013-790a-bdc6-c7a6b9bb8809	2025-11-06 21:46:10.836375	2025-11-06 21:46:10.836375	1	49286967	019a5b22-6010-7391-8f25-f4ec6bce1af2	4b95668f-9cbb-4526-836d-a188290e3799
019a5da3-39b3-7559-802c-0b816a8f7321	2025-11-07 09:26:09.588406	2025-11-07 09:26:09.588406	1	149703323	019a5da3-39ad-774c-952a-098b35d837e5	711aa904-be9f-48d7-b1e4-9e6c582e4f69
019aa7a8-9c9f-716e-aef9-5baed43b4de1	2025-11-21 18:23:56.576214	2025-11-21 18:23:56.576214	1	5111838	019aa7a8-9c99-789a-bbd6-daa7c9025dab	711aa904-be9f-48d7-b1e4-9e6c582e4f69
019aa7a8-9ccb-7a31-af90-394549f60eda	2025-11-21 18:23:56.620093	2025-11-21 18:23:56.620093	1	1602758	019aa7a8-9cc7-7c43-a7b0-0566b91a3ba8	711aa904-be9f-48d7-b1e4-9e6c582e4f69
019aa7a8-9cd3-74f8-ab5d-7b9bc92b1e2d	2025-11-21 18:23:56.627602	2025-11-21 18:23:56.627602	1	31556138	019aa7a8-9cd0-78af-8a06-d5d112c68034	711aa904-be9f-48d7-b1e4-9e6c582e4f69
019aa7a8-9cd9-7339-a657-0138407dc535	2025-11-21 18:23:56.633413	2025-11-21 18:23:56.633413	1	456836	019aa7a8-9cd6-799a-92f4-dd322594fd05	711aa904-be9f-48d7-b1e4-9e6c582e4f69
019aa7a8-9cde-791f-8985-de0652c1a754	2025-11-21 18:23:56.638845	2025-11-21 18:23:56.638845	1	23106734	019aa7a8-9cdb-7d15-92f8-acf443c95b89	711aa904-be9f-48d7-b1e4-9e6c582e4f69
019aa7a8-9ce3-7972-ac3b-6239adeb173e	2025-11-21 18:23:56.643925	2025-11-21 18:23:56.643925	1	3368951	019aa7a8-9ce1-750f-91b9-6e28c7eebe46	711aa904-be9f-48d7-b1e4-9e6c582e4f69
019aa7a8-9ce7-7ad9-84c8-051a5b040ea4	2025-11-21 18:23:56.647927	2025-11-21 18:23:56.647927	1	4087566	019aa7a8-9ce6-7361-a3cf-97e01fd85d9d	711aa904-be9f-48d7-b1e4-9e6c582e4f69
019aa7a8-9ceb-7dfc-b405-fb8717084b21	2025-11-21 18:23:56.652146	2025-11-21 18:23:56.652146	1	269620	019aa7a8-9cea-74f2-9a66-9f74c07b1fe3	711aa904-be9f-48d7-b1e4-9e6c582e4f69
019aa7a8-9cef-7d34-9e7d-a4ccc708e38f	2025-11-21 18:23:56.656135	2025-11-21 18:23:56.656135	1	23805752	019aa7a8-9cee-7300-89ee-5791f3d7c417	711aa904-be9f-48d7-b1e4-9e6c582e4f69
019ab620-6958-7cb9-b47a-c37ccf3c450d	2025-11-24 13:49:28.793989	2025-11-24 13:49:28.793989	1	1602758	019ab620-682b-7762-9597-7c97bd537615	4b95668f-9cbb-4526-836d-a188290e3799
019ab620-6a29-7981-ab34-2ea874ca4cac	2025-11-24 13:49:29.002181	2025-11-24 13:49:29.002181	1	8781887	019ab620-6999-7e0c-9485-5cc3dd7a3680	4b95668f-9cbb-4526-836d-a188290e3799
019ab620-6a3e-77c7-8395-928a09a1c43e	2025-11-24 13:49:29.022785	2025-11-24 13:49:29.022785	1	17871432	019ab620-6a3c-7974-90d1-896c0c440e52	4b95668f-9cbb-4526-836d-a188290e3799
019ab620-6a42-7a64-9f6d-70ec00bb52d1	2025-11-24 13:49:29.026899	2025-11-24 13:49:29.026899	1	31556138	019ab620-6a40-7e7e-b1b0-04dccf5d8c34	4b95668f-9cbb-4526-836d-a188290e3799
\.


--
-- Data for Name: arca_folder; Type: TABLE DATA; Schema: public; Owner: valvx
--

COPY public.arca_folder (id, created_at, updated_at, name, project_id, creator_id, parent_id) FROM stdin;
9b377148-64bd-421f-9556-eebd305ac347	2025-10-03 19:35:47.202066	2025-10-03 19:35:47.202066	Files root	aa03cc85-fe34-4ffd-b25f-e2edbef08b59	711aa904-be9f-48d7-b1e4-9e6c582e4f69	\N
abd44547-bc6b-47c8-b510-396aef668ec1	2025-10-03 20:00:14.219674	2025-10-03 20:00:14.219674	Files root	af96c893-cbb8-4190-ab1b-8d394a3b6c7e	1c8b3124-2360-43bd-838a-052f02949b0d	\N
0199abab-96ab-706e-8e7e-b0966e093733	2025-10-03 20:02:53.227937	2025-10-03 20:02:53.227937	01 - Organisation	af96c893-cbb8-4190-ab1b-8d394a3b6c7e	1c8b3124-2360-43bd-838a-052f02949b0d	abd44547-bc6b-47c8-b510-396aef668ec1
0199abab-f797-7251-b7ef-657741a68393	2025-10-03 20:03:18.03965	2025-10-03 20:03:18.03965	02 - Projektering	af96c893-cbb8-4190-ab1b-8d394a3b6c7e	1c8b3124-2360-43bd-838a-052f02949b0d	abd44547-bc6b-47c8-b510-396aef668ec1
0199abac-1193-7b7e-a449-9bd73c54769f	2025-10-03 20:03:24.691971	2025-10-03 20:03:24.691971	03 - Produktion	af96c893-cbb8-4190-ab1b-8d394a3b6c7e	1c8b3124-2360-43bd-838a-052f02949b0d	abd44547-bc6b-47c8-b510-396aef668ec1
0199abac-2ee4-79bc-a91c-05b131dd30d4	2025-10-03 20:03:32.197028	2025-10-03 20:03:32.197028	00 - Gemensamma dokument	af96c893-cbb8-4190-ab1b-8d394a3b6c7e	1c8b3124-2360-43bd-838a-052f02949b0d	0199abab-f797-7251-b7ef-657741a68393
0199abac-4af8-7b48-8250-9dd140d1fc28	2025-10-03 20:03:39.385134	2025-10-03 20:03:39.385134	01-Arkitekt	af96c893-cbb8-4190-ab1b-8d394a3b6c7e	1c8b3124-2360-43bd-838a-052f02949b0d	0199abab-f797-7251-b7ef-657741a68393
0199abac-5c25-7564-98c6-13a807b5645e	2025-10-03 20:03:43.782567	2025-10-03 20:03:43.782567	02-Akustik	af96c893-cbb8-4190-ab1b-8d394a3b6c7e	1c8b3124-2360-43bd-838a-052f02949b0d	0199abab-f797-7251-b7ef-657741a68393
0199abac-6d22-70d2-b12b-57824abe756e	2025-10-03 20:03:48.130431	2025-10-03 20:03:48.130431	03-Brand	af96c893-cbb8-4190-ab1b-8d394a3b6c7e	1c8b3124-2360-43bd-838a-052f02949b0d	0199abab-f797-7251-b7ef-657741a68393
0199abac-7e4e-76e8-8a58-477bd0d01b92	2025-10-03 20:03:52.526828	2025-10-03 20:03:52.526828	04-MIljö	af96c893-cbb8-4190-ab1b-8d394a3b6c7e	1c8b3124-2360-43bd-838a-052f02949b0d	0199abab-f797-7251-b7ef-657741a68393
0199abac-8f63-7854-99e3-2830319f9308	2025-10-03 20:03:56.899799	2025-10-03 20:03:56.899799	05-TE	af96c893-cbb8-4190-ab1b-8d394a3b6c7e	1c8b3124-2360-43bd-838a-052f02949b0d	0199abab-f797-7251-b7ef-657741a68393
0199abac-9f0b-7a65-8d3a-fedd8bd3fecf	2025-10-03 20:04:00.908169	2025-10-03 20:04:00.908169	06-BE	af96c893-cbb8-4190-ab1b-8d394a3b6c7e	1c8b3124-2360-43bd-838a-052f02949b0d	0199abab-f797-7251-b7ef-657741a68393
0199abac-daf7-7d19-bf59-360c3c9ad0fd	2025-10-03 20:04:16.248108	2025-10-03 20:04:16.248108	07-x	af96c893-cbb8-4190-ab1b-8d394a3b6c7e	1c8b3124-2360-43bd-838a-052f02949b0d	0199abab-f797-7251-b7ef-657741a68393
0199abac-ee47-73b4-b5f4-2650b355dabb	2025-10-03 20:04:21.191614	2025-10-03 20:04:21.191614	08-Yttre VA	af96c893-cbb8-4190-ab1b-8d394a3b6c7e	1c8b3124-2360-43bd-838a-052f02949b0d	0199abab-f797-7251-b7ef-657741a68393
0199abac-fddb-703a-9785-d7c1c4d04517	2025-10-03 20:04:25.179251	2025-10-03 20:04:25.179251	09-EL-Projektör	af96c893-cbb8-4190-ab1b-8d394a3b6c7e	1c8b3124-2360-43bd-838a-052f02949b0d	0199abab-f797-7251-b7ef-657741a68393
0199abad-0e07-7aee-b773-ee685c8fd823	2025-10-03 20:04:29.320117	2025-10-03 20:04:29.320117	10-EL-UE	af96c893-cbb8-4190-ab1b-8d394a3b6c7e	1c8b3124-2360-43bd-838a-052f02949b0d	0199abab-f797-7251-b7ef-657741a68393
0199abad-c2b2-760e-89f3-c5922eb7b9ea	2025-10-03 20:05:15.570783	2025-10-03 20:05:15.570783	11-Fukt	af96c893-cbb8-4190-ab1b-8d394a3b6c7e	1c8b3124-2360-43bd-838a-052f02949b0d	0199abab-f797-7251-b7ef-657741a68393
0199abad-d1fc-7e98-8b34-923ffcf17a66	2025-10-03 20:05:19.485245	2025-10-03 20:05:19.485245	12-Geoteknik	af96c893-cbb8-4190-ab1b-8d394a3b6c7e	1c8b3124-2360-43bd-838a-052f02949b0d	0199abab-f797-7251-b7ef-657741a68393
0199abad-e233-733c-853c-5ad2c2515425	2025-10-03 20:05:23.635596	2025-10-03 20:05:23.635596	14-Konstruktör	af96c893-cbb8-4190-ab1b-8d394a3b6c7e	1c8b3124-2360-43bd-838a-052f02949b0d	0199abab-f797-7251-b7ef-657741a68393
0199abad-f185-7c2c-94d1-d7fc51cb6020	2025-10-03 20:05:27.558071	2025-10-03 20:05:27.558071	15-X	af96c893-cbb8-4190-ab1b-8d394a3b6c7e	1c8b3124-2360-43bd-838a-052f02949b0d	0199abab-f797-7251-b7ef-657741a68393
0199abae-0339-7742-89be-e1f2bda3e389	2025-10-03 20:05:32.089779	2025-10-03 20:05:32.089779	16-LA	af96c893-cbb8-4190-ab1b-8d394a3b6c7e	1c8b3124-2360-43bd-838a-052f02949b0d	0199abab-f797-7251-b7ef-657741a68393
0199abae-1131-797b-878e-68066736ca70	2025-10-03 20:05:35.665968	2025-10-03 20:05:35.665968	17-x	af96c893-cbb8-4190-ab1b-8d394a3b6c7e	1c8b3124-2360-43bd-838a-052f02949b0d	0199abab-f797-7251-b7ef-657741a68393
0199abae-1f40-7d2a-a8f6-30bff792fc59	2025-10-03 20:05:39.265247	2025-10-03 20:05:39.265247	18-x	af96c893-cbb8-4190-ab1b-8d394a3b6c7e	1c8b3124-2360-43bd-838a-052f02949b0d	0199abab-f797-7251-b7ef-657741a68393
0199abae-3026-7d8b-b1e6-11b23df893f8	2025-10-03 20:05:43.591188	2025-10-03 20:05:43.591188	19-Rör-Projektör	af96c893-cbb8-4190-ab1b-8d394a3b6c7e	1c8b3124-2360-43bd-838a-052f02949b0d	0199abab-f797-7251-b7ef-657741a68393
0199abae-4061-766f-9cf3-22ffca3b5ea6	2025-10-03 20:05:47.745622	2025-10-03 20:05:47.745622	20-Vent-Projektör	af96c893-cbb8-4190-ab1b-8d394a3b6c7e	1c8b3124-2360-43bd-838a-052f02949b0d	0199abab-f797-7251-b7ef-657741a68393
0199abae-4eed-78af-8428-28b6372e2888	2025-10-03 20:05:51.469853	2025-10-03 20:05:51.469853	21-x	af96c893-cbb8-4190-ab1b-8d394a3b6c7e	1c8b3124-2360-43bd-838a-052f02949b0d	0199abab-f797-7251-b7ef-657741a68393
0199abae-5c81-7c22-b1e5-0b8b77e3c34f	2025-10-03 20:05:54.946354	2025-10-03 20:05:54.946354	22-x	af96c893-cbb8-4190-ab1b-8d394a3b6c7e	1c8b3124-2360-43bd-838a-052f02949b0d	0199abab-f797-7251-b7ef-657741a68393
0199abae-681e-705d-9059-01b1268ff2b9	2025-10-03 20:05:57.918318	2025-10-03 20:05:57.918318	23-x	af96c893-cbb8-4190-ab1b-8d394a3b6c7e	1c8b3124-2360-43bd-838a-052f02949b0d	0199abab-f797-7251-b7ef-657741a68393
0199abae-76c1-762b-944a-2b2c20839c9d	2025-10-03 20:06:01.665646	2025-10-03 20:06:01.665646	24-x	af96c893-cbb8-4190-ab1b-8d394a3b6c7e	1c8b3124-2360-43bd-838a-052f02949b0d	0199abab-f797-7251-b7ef-657741a68393
0199abae-8353-7e84-a51c-ed56dd2b13df	2025-10-03 20:06:04.884522	2025-10-03 20:06:04.884522	26-BIM	af96c893-cbb8-4190-ab1b-8d394a3b6c7e	1c8b3124-2360-43bd-838a-052f02949b0d	0199abab-f797-7251-b7ef-657741a68393
0199cd3f-0d9d-7407-8d60-ec2f4ba74239	2025-10-10 08:31:25.598335	2025-10-10 08:31:25.598335	Arkitektur	aa03cc85-fe34-4ffd-b25f-e2edbef08b59	4b95668f-9cbb-4526-836d-a188290e3799	9b377148-64bd-421f-9556-eebd305ac347
0199cd3f-47f7-74c6-bbe0-d36935bff679	2025-10-10 08:31:40.535763	2025-10-10 08:31:40.535763	Exempel dokument	aa03cc85-fe34-4ffd-b25f-e2edbef08b59	4b95668f-9cbb-4526-836d-a188290e3799	0199cd3f-0d9d-7407-8d60-ec2f4ba74239
0199ce6d-fe11-7a22-a310-95165a862b8c	2025-10-10 14:02:19.02709	2025-10-10 14:02:19.02709	Ekonomi	af96c893-cbb8-4190-ab1b-8d394a3b6c7e	1c8b3124-2360-43bd-838a-052f02949b0d	0199abab-96ab-706e-8e7e-b0966e093733
019aa7a8-5fea-7e87-ac9b-bbe83c80d062	2025-11-21 18:23:41.036201	2025-11-21 18:23:41.036201	IFC	aa03cc85-fe34-4ffd-b25f-e2edbef08b59	711aa904-be9f-48d7-b1e4-9e6c582e4f69	9b377148-64bd-421f-9556-eebd305ac347
\.


--
-- Data for Name: arca_folder_file; Type: TABLE DATA; Schema: public; Owner: valvx
--

COPY public.arca_folder_file (folder_id, file_id) FROM stdin;
0199cd3f-47f7-74c6-bbe0-d36935bff679	0199cd4b-6613-78b6-9445-16dc0803aaec
0199cd3f-47f7-74c6-bbe0-d36935bff679	0199cd52-b905-7bb8-9d59-062765fb2d43
0199cd3f-47f7-74c6-bbe0-d36935bff679	0199cd53-3a8f-7c62-8411-5c0b286404c7
0199abac-2ee4-79bc-a91c-05b131dd30d4	0199f137-4313-7440-9627-48c6d7974974
0199cd3f-47f7-74c6-bbe0-d36935bff679	019a5b22-4c72-7191-91aa-e65dd50243a7
0199cd3f-47f7-74c6-bbe0-d36935bff679	019a5b22-6010-7391-8f25-f4ec6bce1af2
0199cd3f-0d9d-7407-8d60-ec2f4ba74239	019a5da3-39ad-774c-952a-098b35d837e5
019aa7a8-5fea-7e87-ac9b-bbe83c80d062	019aa7a8-9c99-789a-bbd6-daa7c9025dab
019aa7a8-5fea-7e87-ac9b-bbe83c80d062	019aa7a8-9cc7-7c43-a7b0-0566b91a3ba8
019aa7a8-5fea-7e87-ac9b-bbe83c80d062	019aa7a8-9cd0-78af-8a06-d5d112c68034
019aa7a8-5fea-7e87-ac9b-bbe83c80d062	019aa7a8-9cd6-799a-92f4-dd322594fd05
019aa7a8-5fea-7e87-ac9b-bbe83c80d062	019aa7a8-9cdb-7d15-92f8-acf443c95b89
019aa7a8-5fea-7e87-ac9b-bbe83c80d062	019aa7a8-9ce1-750f-91b9-6e28c7eebe46
019aa7a8-5fea-7e87-ac9b-bbe83c80d062	019aa7a8-9ce6-7361-a3cf-97e01fd85d9d
019aa7a8-5fea-7e87-ac9b-bbe83c80d062	019aa7a8-9cea-74f2-9a66-9f74c07b1fe3
019aa7a8-5fea-7e87-ac9b-bbe83c80d062	019aa7a8-9cee-7300-89ee-5791f3d7c417
0199cd3f-47f7-74c6-bbe0-d36935bff679	019ab620-682b-7762-9597-7c97bd537615
0199cd3f-47f7-74c6-bbe0-d36935bff679	019ab620-6999-7e0c-9485-5cc3dd7a3680
0199cd3f-47f7-74c6-bbe0-d36935bff679	019ab620-6a3c-7974-90d1-896c0c440e52
0199cd3f-47f7-74c6-bbe0-d36935bff679	019ab620-6a40-7e7e-b1b0-04dccf5d8c34
\.


--
-- Data for Name: core_project; Type: TABLE DATA; Schema: public; Owner: valvx
--

COPY public.core_project (id, created_at, updated_at, name, code, tenant_id) FROM stdin;
aa03cc85-fe34-4ffd-b25f-e2edbef08b59	2025-10-03 19:25:00.111077	2025-10-03 19:25:00.111077	ValvX Demo Project	valvx-demo-project	998bfad6-4530-4d9b-bfb2-cda9f05cf3a6
af96c893-cbb8-4190-ab1b-8d394a3b6c7e	2025-10-03 19:26:12.709506	2025-10-03 19:26:12.709506	Gökbo	cavada-gokbo	998bfad6-4530-4d9b-bfb2-cda9f05cf3a6
\.


--
-- Data for Name: core_tenant; Type: TABLE DATA; Schema: public; Owner: valvx
--

COPY public.core_tenant (id, created_at, updated_at, name) FROM stdin;
998bfad6-4530-4d9b-bfb2-cda9f05cf3a6	2025-10-03 19:24:52.37045	2025-10-03 19:24:52.37045	ValvX
\.


--
-- Data for Name: diurna_bulletin; Type: TABLE DATA; Schema: public; Owner: valvx
--

COPY public.diurna_bulletin (id, created_at, updated_at, published, published_at, archived, archived_at, title, body, project_id, author_id) FROM stdin;
0199abbb-a162-7192-a7e4-4a310e3419aa	2025-10-03 20:20:24.547546	2025-10-03 20:20:24.547546	t	2025-10-03 20:20:24.546083	f	\N	Alla måste ha hjälm hela tiden!	Det är jätteviktigt p.g.a. säkerhet!	aa03cc85-fe34-4ffd-b25f-e2edbef08b59	4b95668f-9cbb-4526-836d-a188290e3799
0199cd63-6d07-78f7-8862-397f4315b61e	2025-10-10 09:11:09.320985	2025-10-10 09:11:09.320985	t	2025-10-10 09:11:09.319574	f	\N	Här kommer lite viktiga nyheter	Lorem ipsum dolor sit amet, consectetur adipiscing elit, sed do eiusmod tempor incididunt ut labore et dolore magna aliqua. Ut enim ad minim veniam, quis nostrud exercitation ullamco laboris nisi ut aliquip ex ea commodo consequat. Duis aute irure dolor in reprehenderit in voluptate velit esse cillum dolore eu fugiat nulla pariatur. Excepteur sint occaecat cupidatat non proident, sunt in culpa qui officia deserunt mollit anim id est laborum.	aa03cc85-fe34-4ffd-b25f-e2edbef08b59	4b95668f-9cbb-4526-836d-a188290e3799
0199ce78-cfa1-7b56-9dfd-26586eee3460	2025-10-10 14:14:08.034947	2025-10-10 14:14:08.034947	t	2025-10-10 14:14:08.033729	f	\N	Engelska	Varför är allt på engelska? 	af96c893-cbb8-4190-ab1b-8d394a3b6c7e	1c8b3124-2360-43bd-838a-052f02949b0d
\.


--
-- Data for Name: iam_account; Type: TABLE DATA; Schema: public; Owner: valvx
--

COPY public.iam_account (id, created_at, updated_at, name, password) FROM stdin;
0199ab88-17bb-719d-9f70-0c86195d4b6e	2025-10-03 19:24:06.983584	2025-10-03 19:24:06.983584	Mattias Lindvall	$argon2id$v=19$m=47104,t=1,p=1$0qFNMbZ53AcbxUuQIbwPIw==$V4oeHw1CE0yjaBnQbaPyb9UH/6lnRqIG6ymy2AF7YmX/Sm0r5hQ7JVPVSEkFlQ7OVzL2QSkR8nrhRXj6jOoOAA==
0199ab8a-d3c4-76c8-9045-5fad11d30d57	2025-10-03 19:27:06.193554	2025-10-03 19:27:06.193554	Nebiyu Stillefors	$argon2id$v=19$m=47104,t=1,p=1$KfCy0Ro4eE2c3QvVzJW+ag==$6BPm/7m5DPxz8iunHD8J1lLQK3hj1YRSYLrQIWrtxz0g3dBPEXNRhZYiCaTokK75jCPpKCiIMMBtz6fYxl5kzw==
0199ab99-91f8-7b83-a932-66e5c7a89cf1	2025-10-03 19:43:12.393675	2025-10-03 19:43:12.393675	Robin Svedhem	$argon2id$v=19$m=47104,t=1,p=1$Hsyd2r7LfH2VxoX2IiNUEQ==$v6k6Wmi1upfeIUoa4a0rKSpZrL+1mNoikvYCFoKggNFu+Uy+0k3ycj96Zs+IXsfwI8Tesm39EI8nuZvuXHN9Eg==
0199ab99-cb60-7450-b329-8df358d0b3ce	2025-10-03 19:43:27.085063	2025-10-03 19:43:27.085063	Björn Stillefors	$argon2id$v=19$m=47104,t=1,p=1$W7q/brazAsH2tPQEhzhRjg==$oNgdwNkI2Wf7RQTTJ6+8V65uWcOYmKZZLWiQrSdjryy9YdnAJwudMlnhcpwz/QueNy67h5WSVdM34eehwkQfHg==
0199ab98-2d5d-7004-8172-decf82e35c50	2025-10-03 19:41:41.10049	2025-10-10 14:03:28.607972	Charlie Köhler	$argon2id$v=19$m=47104,t=1,p=1$SzdR0AF4MNGiqTlMT2zdjg==$g2p5vh4zgkEf9E1ZlgBY9BgwG/K8b3Y0UeuoDmQlmjJp+SEjvYfXVHvJ31OU7mdXx1szM8scyl4B4ob3U0p/Nw==
\.


--
-- Data for Name: iam_group; Type: TABLE DATA; Schema: public; Owner: valvx
--

COPY public.iam_group (id, created_at, updated_at, name, tenant_id, project_id, grants) FROM stdin;
5855657d-251d-4c81-9cba-eb1560200958	2025-10-03 19:32:08.603611	2025-10-03 19:32:08.603611	Projektledare	\N	aa03cc85-fe34-4ffd-b25f-e2edbef08b59	{core.project.admin}
6bbf447b-7cb5-4ebd-9c19-0756aab44cf8	2025-10-03 20:00:09.037147	2025-10-03 20:00:09.037147	Projektledare	\N	af96c893-cbb8-4190-ab1b-8d394a3b6c7e	{core.project.admin}
019a4ebb-9875-7629-b6e1-8453dec113ed	2025-11-04 11:58:28.470186	2025-11-04 11:58:28.470186	TestGroups	\N	aa03cc85-fe34-4ffd-b25f-e2edbef08b59	{}
\.


--
-- Data for Name: iam_group_membership; Type: TABLE DATA; Schema: public; Owner: valvx
--

COPY public.iam_group_membership (group_id, profile_id) FROM stdin;
5855657d-251d-4c81-9cba-eb1560200958	711aa904-be9f-48d7-b1e4-9e6c582e4f69
5855657d-251d-4c81-9cba-eb1560200958	4b95668f-9cbb-4526-836d-a188290e3799
6bbf447b-7cb5-4ebd-9c19-0756aab44cf8	21af080d-453e-4743-b74b-f14fc463fba1
6bbf447b-7cb5-4ebd-9c19-0756aab44cf8	a45085be-19c0-4e5c-981f-baccc55aad3c
6bbf447b-7cb5-4ebd-9c19-0756aab44cf8	69d821d9-a11b-4001-ac06-8a70fa753b46
6bbf447b-7cb5-4ebd-9c19-0756aab44cf8	1c8b3124-2360-43bd-838a-052f02949b0d
6bbf447b-7cb5-4ebd-9c19-0756aab44cf8	ce9d613a-ab1a-45e9-a8ff-6690518bb2fe
019a4ebb-9875-7629-b6e1-8453dec113ed	711aa904-be9f-48d7-b1e4-9e6c582e4f69
\.


--
-- Data for Name: iam_ident; Type: TABLE DATA; Schema: public; Owner: valvx
--

COPY public.iam_ident (id, created_at, updated_at, email, main_email, account_id) FROM stdin;
0199ab88-17cb-748e-89ee-993eafcf32b5	2025-10-03 19:24:06.988436	2025-10-03 19:24:06.988436	mattias.lindvall@gmail.com	t	0199ab88-17bb-719d-9f70-0c86195d4b6e
0199ab8a-d3d4-75c3-8520-82ccec5e64bd	2025-10-03 19:27:06.197844	2025-10-03 19:27:06.197844	nebiyu.stillefors@cedervallarkitekter.se	t	0199ab8a-d3c4-76c8-9045-5fad11d30d57
0199ab98-2d70-703a-89e5-7f99a242c14f	2025-10-03 19:41:41.105322	2025-10-03 19:41:41.105322	charlie.kohler@cavada.se	t	0199ab98-2d5d-7004-8172-decf82e35c50
0199ab99-920e-7200-8cc7-929ac7bc3252	2025-10-03 19:43:12.399719	2025-10-03 19:43:12.399719	robin.svedhem@cavada.se	t	0199ab99-91f8-7b83-a932-66e5c7a89cf1
0199ab99-cb73-70f4-ad82-88f722ba2238	2025-10-03 19:43:27.092399	2025-10-03 19:43:27.092399	bjorn.stillefors@cedervallarkitekter.se	t	0199ab99-cb60-7450-b329-8df358d0b3ce
\.


--
-- Data for Name: iam_profile; Type: TABLE DATA; Schema: public; Owner: valvx
--

COPY public.iam_profile (id, created_at, updated_at, name, project_accepted, account_accepted, removed, active, invite_code, project_id, ident_id, inviter_id) FROM stdin;
711aa904-be9f-48d7-b1e4-9e6c582e4f69	2025-10-03 19:31:44.776124	2025-10-03 19:31:44.776124	Nebiyu Stillefors	t	t	f	t	\N	aa03cc85-fe34-4ffd-b25f-e2edbef08b59	0199ab8a-d3d4-75c3-8520-82ccec5e64bd	\N
4b95668f-9cbb-4526-836d-a188290e3799	2025-10-03 19:31:44.776124	2025-10-03 19:31:44.776124	Mattias Lindvall	t	t	f	t	\N	aa03cc85-fe34-4ffd-b25f-e2edbef08b59	0199ab88-17cb-748e-89ee-993eafcf32b5	\N
e90bc4c8-6799-4504-a836-1eeb574217f2	2025-10-03 19:51:57.211502	2025-10-03 19:51:57.211502	Björn Stillefors	t	t	f	t	\N	aa03cc85-fe34-4ffd-b25f-e2edbef08b59	0199ab99-cb73-70f4-ad82-88f722ba2238	\N
21af080d-453e-4743-b74b-f14fc463fba1	2025-10-03 19:53:21.971847	2025-10-03 19:53:21.971847	Mattias Lindvall	t	t	f	t	\N	af96c893-cbb8-4190-ab1b-8d394a3b6c7e	0199ab88-17cb-748e-89ee-993eafcf32b5	\N
a45085be-19c0-4e5c-981f-baccc55aad3c	2025-10-03 19:53:21.971847	2025-10-03 19:53:21.971847	Nebiyu Stillefors	t	t	f	t	\N	af96c893-cbb8-4190-ab1b-8d394a3b6c7e	0199ab8a-d3d4-75c3-8520-82ccec5e64bd	\N
69d821d9-a11b-4001-ac06-8a70fa753b46	2025-10-03 19:53:21.971847	2025-10-03 19:53:21.971847	Björn Stillefors	t	t	f	t	\N	af96c893-cbb8-4190-ab1b-8d394a3b6c7e	0199ab99-cb73-70f4-ad82-88f722ba2238	\N
ce9d613a-ab1a-45e9-a8ff-6690518bb2fe	2025-10-03 19:53:21.971847	2025-10-03 19:53:21.971847	Robin Svedhem	t	t	f	t	\N	af96c893-cbb8-4190-ab1b-8d394a3b6c7e	0199ab99-920e-7200-8cc7-929ac7bc3252	\N
1c8b3124-2360-43bd-838a-052f02949b0d	2025-10-03 19:53:21.971847	2025-10-03 19:53:21.971847	Charlie Köhler	t	t	f	t	\N	af96c893-cbb8-4190-ab1b-8d394a3b6c7e	0199ab98-2d70-703a-89e5-7f99a242c14f	\N
\.


--
-- Data for Name: iam_session; Type: TABLE DATA; Schema: public; Owner: valvx
--

COPY public.iam_session (token, data, expiry) FROM stdin;
pnvPxG3IToxW50nYHDlFhyvAs2Z9-0bZqaCxr-IkxCk	\\x257f030102ff800001020108446561646c696e6501ff8200010656616c75657301ff8400000010ff810501010454696d6501ff8200000027ff83040101176d61705b737472696e675d696e74657266616365207b7d01ff8400010c0110000050ff80010f010000000ee0760e591080a6f8ffff01010a6163636f756e745f696406737472696e670c26002430313939616238382d313762622d373139642d396637302d30633836313935643462366500	2025-10-06 19:24:09.276866
yoPc6pjzu2zMX_ChCFGAWNe4_ucTwm5D5ZWYNaV-5Aw	\\x257f030102ff800001020108446561646c696e6501ff8200010656616c75657301ff8400000010ff810501010454696d6501ff8200000027ff83040101176d61705b737472696e675d696e74657266616365207b7d01ff8400010c0110000050ff80010f010000000ee07c20741d5f9441ffff01010a6163636f756e745f696406737472696e670c26002430313939616238382d313762622d373139642d396637302d30633836313935643462366500	2025-10-11 09:55:00.492803
pAU3SsiLs7HOQNy79KetxEdUB9w4MNICEb3-Kvkka4E	\\x257f030102ff800001020108446561646c696e6501ff8200010656616c75657301ff8400000010ff810501010454696d6501ff8200000027ff83040101176d61705b737472696e675d696e74657266616365207b7d01ff8400010c0110000050ff80010f010000000ee07e16cf0de88b08ffff01010a6163636f756e745f696406737472696e670c26002430313939616238612d643363342d373663382d393034352d35666164313164333064353700	2025-10-12 21:38:23.233343
3Q4PqgS2nICvRPUaYvaV9OsLHweS0y4BD5uToDi9eSY	\\x257f030102ff800001020108446561646c696e6501ff8200010656616c75657301ff8400000010ff810501010454696d6501ff8200000027ff83040101176d61705b737472696e675d696e74657266616365207b7d01ff8400010c0110000050ff80010f010000000ee07efd322e2d4d56ffff01010a6163636f756e745f696406737472696e670c26002430313939616239382d326435642d373030342d383137322d64656366383265333563353000	2025-10-13 14:01:22.77472
-KHOO1Hqk4ug9h5dULbVUky5_kecwSdoy_DCSLsAIJE	\\x257f030102ff800001020108446561646c696e6501ff8200010656616c75657301ff8400000010ff810501010454696d6501ff8200000027ff83040101176d61705b737472696e675d696e74657266616365207b7d01ff8400010c0110000050ff80010f010000000ee082a92433e897d7ffff01010a6163636f756e745f696406737472696e670c26002430313939616238612d643363342d373663382d393034352d35666164313164333064353700	2025-10-16 08:51:48.870881
4gCHlbYXPaMR67_OoKuD0i2l34OGHp9q7pDl7Brf-OY	\\x257f030102ff800001020108446561646c696e6501ff8200010656616c75657301ff8400000010ff810501010454696d6501ff8200000027ff83040101176d61705b737472696e675d696e74657266616365207b7d01ff8400010c0110000050ff80010f010000000ee0840ac708d9856effff01010a6163636f756e745f696406737472696e670c26002430313939616239392d393166382d376238332d613933322d36366535633761383963663100	2025-10-17 10:00:39.148473
QaNtmiL99BanitQ7VnKlT0N4wAwvuXcskNXj6wQeSj4	\\x257f030102ff800001020108446561646c696e6501ff8200010656616c75657301ff8400000010ff810501010454696d6501ff8200000027ff83040101176d61705b737472696e675d696e74657266616365207b7d01ff8400010c0110000050ff80010f010000000ee084bbd934675e2effff01010a6163636f756e745f696406737472696e670c26002430313939616238382d313762622d373139642d396637302d30633836313935643462366500	2025-10-17 22:36:09.879189
_sIL9nYeM-FKyXVE5lj9XdBgtraGMOuE-h9u13UzaNg	\\x257f030102ff800001020108446561646c696e6501ff8200010656616c75657301ff8400000010ff810501010454696d6501ff8200000027ff83040101176d61705b737472696e675d696e74657266616365207b7d01ff8400010c0110000050ff80010f010000000ee087e47107ab4dd4ffff01010a6163636f756e745f696406737472696e670c26002430313939616239382d326435642d373030342d383137322d64656366383265333563353000	2025-10-20 08:06:09.128667
kNg2NCn46O3HIH9KnrRcvQKmkhVdl_LUCzl8v6WLou4	\\x257f030102ff800001020108446561646c696e6501ff8200010656616c75657301ff8400000010ff810501010454696d6501ff8200000027ff83040101176d61705b737472696e675d696e74657266616365207b7d01ff8400010c0110000050ff80010f010000000ee08e9f9d30610e1cffff01010a6163636f756e745f696406737472696e670c26002430313939616239382d326435642d373030342d383137322d64656366383265333563353000	2025-10-25 10:38:21.811666
Hx-Dn9AJOKHj6fn8TPijP-K2rwHpv6heSXdU7sILevQ	\\x257f030102ff800001020108446561646c696e6501ff8200010656616c75657301ff8400000010ff810501010454696d6501ff8200000027ff83040101176d61705b737472696e675d696e74657266616365207b7d01ff8400010c0110000050ff80010f010000000ee0950a4e1d6a10bdffff01010a6163636f756e745f696406737472696e670c26002430313939616239382d326435642d373030342d383137322d64656366383265333563353000	2025-10-30 07:27:10.49349
XPDKanzEEcQ9K0zQ0anW6GI91V8SYeugSJ6f5YrO_bc	\\x257f030102ff800001020108446561646c696e6501ff8200010656616c75657301ff8400000010ff810501010454696d6501ff8200000027ff83040101176d61705b737472696e675d696e74657266616365207b7d01ff8400010c0110000050ff80010f010000000ee0969eb90a4d850affff01010a6163636f756e745f696406737472696e670c26002430313939616238612d643363342d373663382d393034352d35666164313164333064353700	2025-10-31 12:12:41.172852
18_qxFwQJCOv0bSPsE6PYRjTSdbcmiFpEwrvlud73l0	\\x257f030102ff800001020108446561646c696e6501ff8200010656616c75657301ff8400000010ff810501010454696d6501ff8200000027ff83040101176d61705b737472696e675d696e74657266616365207b7d01ff8400010c0110000050ff80010f010000000ee09de0702796de9effff01010a6163636f756e745f696406737472696e670c26002430313939616238612d643363342d373663382d393034352d35666164313164333064353700	2025-11-06 00:18:56.664198
ONYes5vblpHsMEBQs2HK2VVEIhxrZnwkR2O3gFjlF3A	\\x257f030102ff800001020108446561646c696e6501ff8200010656616c75657301ff8400000010ff810501010454696d6501ff8200000027ff83040101176d61705b737472696e675d696e74657266616365207b7d01ff8400010c0110000050ff80010f010000000ee09fa2902c8d4667ffff01010a6163636f756e745f696406737472696e670c26002430313939616238612d643363342d373663382d393034352d35666164313164333064353700	2025-11-07 08:19:28.747456
HD2P1enWrvild5YYPi05DkcDmCbfVLdYqkOnlbpqayg	\\x257f030102ff800001020108446561646c696e6501ff8200010656616c75657301ff8400000010ff810501010454696d6501ff8200000027ff83040101176d61705b737472696e675d696e74657266616365207b7d01ff8400010c0110000050ff80010f010000000ee0a3025c1febd8b2ffff01010a6163636f756e745f696406737472696e670c26002430313939616238382d313762622d373139642d396637302d30633836313935643462366500	2025-11-09 21:45:00.53555
yc-a4UQvC5-atAharnT1_1wOCGLs3r50NLH6KYwupw0	\\x257f030102ff800001020108446561646c696e6501ff8200010656616c75657301ff8400000010ff810501010454696d6501ff8200000027ff83040101176d61705b737472696e675d696e74657266616365207b7d01ff8400010c0110000050ff80010f010000000ee0a30b73111c4f34ffff01010a6163636f756e745f696406737472696e670c26002430313939616238382d313762622d373139642d396637302d30633836313935643462366500	2025-11-09 22:23:47.287067
ybXL1-3yDz2p59MNd5vSYe9cEXymZXERs9ljQaHx2gk	\\x257f030102ff800001020108446561646c696e6501ff8200010656616c75657301ff8400000010ff810501010454696d6501ff8200000027ff83040101176d61705b737472696e675d696e74657266616365207b7d01ff8400010c0110000050ff80010f010000000ee0a3a4fc0ae7172dffff01010a6163636f756e745f696406737472696e670c26002430313939616238612d643363342d373663382d393034352d35666164313164333064353700	2025-11-10 09:18:52.182916
p_1-S4FKs9ld-ivmydlkmyqnnZGjXJXI2XYRpgMQPgY	\\x257f030102ff800001020108446561646c696e6501ff8200010656616c75657301ff8400000010ff810501010454696d6501ff8200000027ff83040101176d61705b737472696e675d696e74657266616365207b7d01ff8400010c0110000050ff80010f010000000ee0a3ed26216ab3c2ffff01010a6163636f756e745f696406737472696e670c26002430313939616238612d643363342d373663382d393034352d35666164313164333064353700	2025-11-10 14:26:46.56064
qCjsymNGskkXtf5zt7xiSpLSK8zO-Z6fFNt-4cftDqo	\\x257f030102ff800001020108446561646c696e6501ff8200010656616c75657301ff8400000010ff810501010454696d6501ff8200000027ff83040101176d61705b737472696e675d696e74657266616365207b7d01ff8400010c0110000050ff80010f010000000ee0a7945421cabe58ffff01010a6163636f756e745f696406737472696e670c26002430313939616238382d313762622d373139642d396637302d30633836313935643462366500	2025-11-13 08:56:52.566935
eWnXzAjfHsfhEN2M6kNHXG85tz8y2aYmtwr19vfAujo	\\x257f030102ff800001020108446561646c696e6501ff8200010656616c75657301ff8400000010ff810501010454696d6501ff8200000027ff83040101176d61705b737472696e675d696e74657266616365207b7d01ff8400010c0110000050ff80010f010000000ee0a8ecc032fec83affff01010a6163636f756e745f696406737472696e670c26002430313939616238612d643363342d373663382d393034352d35666164313164333064353700	2025-11-14 09:26:24.855558
G7B8n-3cYeGf0QaixRhLjVuil-TdS9LvOGn8tbFobV8	\\x257f030102ff800001020108446561646c696e6501ff8200010656616c75657301ff8400000010ff810501010454696d6501ff8200000027ff83040101176d61705b737472696e675d696e74657266616365207b7d01ff8400010c0110000050ff80010f010000000ee0acedc02bb65efbffff01010a6163636f756e745f696406737472696e670c26002430313939616238612d643363342d373663382d393034352d35666164313164333064353700	2025-11-17 10:19:44.733372
MPk4wI3_Tk8euDhV9uu40EjcsfYLMyhHuslADDHYUS4	\\x257f030102ff800001020108446561646c696e6501ff8200010656616c75657301ff8400000010ff810501010454696d6501ff8200000027ff83040101176d61705b737472696e675d696e74657266616365207b7d01ff8400010c0110000050ff80010f010000000ee0afb0f0188be41effff01010a6163636f756e745f696406737472696e670c26002430313939616238612d643363342d373663382d393034352d35666164313164333064353700	2025-11-19 12:37:04.411821
KwAuA76_OgEwhpoksd24h9u06uxVfGP25XngtG7SZVA	\\x257f030102ff800001020108446561646c696e6501ff8200010656616c75657301ff8400000010ff810501010454696d6501ff8200000027ff83040101176d61705b737472696e675d696e74657266616365207b7d01ff8400010c0110000050ff80010f010000000ee0b02bac2e551b10ffff01010a6163636f756e745f696406737472696e670c26002430313939616238382d313762622d373139642d396637302d30633836313935643462366500	2025-11-19 21:20:44.777329
OxDquBDtnklOfpBvyF4KT3xqfi5FbGBn8_rSI-IcS-4	\\x257f030102ff800001020108446561646c696e6501ff8200010656616c75657301ff8400000010ff810501010454696d6501ff8200000027ff83040101176d61705b737472696e675d696e74657266616365207b7d01ff8400010c0110000050ff80010f010000000ee0b0f48221c89b9dffff01010a6163636f756e745f696406737472696e670c26002430313939616238612d643363342d373663382d393034352d35666164313164333064353700	2025-11-20 11:37:38.566795
3hymO-lpP15v7NGn4JskaXqNOaWqCu1_E5Vx0wTEJwE	\\x257f030102ff800001020108446561646c696e6501ff8200010656616c75657301ff8400000010ff810501010454696d6501ff8200000027ff83040101176d61705b737472696e675d696e74657266616365207b7d01ff8400010c0110000050ff80010f010000000ee0b42e68377cdf0cffff01010a6163636f756e745f696406737472696e670c26002430313939616238612d643363342d373663382d393034352d35666164313164333064353700	2025-11-22 22:21:28.93093
JhEs_mFsBd0hnyT_lz1qjxrQAnGgnSEBo6aLkF9NvFo	\\x257f030102ff800001020108446561646c696e6501ff8200010656616c75657301ff8400000010ff810501010454696d6501ff8200000027ff83040101176d61705b737472696e675d696e74657266616365207b7d01ff8400010c0110000050ff80010f010000000ee0b66c7433edb03cffff01010a6163636f756e745f696406737472696e670c26002430313939616238382d313762622d373139642d396637302d30633836313935643462366500	2025-11-24 15:10:44.871215
mDBE3Tf9X1UdFotZD-x7aoLdXCaxriMAiM_z2y8jmzc	\\x257f030102ff800001020108446561646c696e6501ff8200010656616c75657301ff8400000010ff810501010454696d6501ff8200000027ff83040101176d61705b737472696e675d696e74657266616365207b7d01ff8400010c0110000050ff80010f010000000ee0b68bd318a8a6d7ffff01010a6163636f756e745f696406737472696e670c26002430313939616238612d643363342d373663382d393034352d35666164313164333064353700	2025-11-24 17:24:35.413705
_uGHp9qRyAM-MPcQJ15efb6jb6Mlz8QP0tqLivUg3qA	\\x257f030102ff800001020108446561646c696e6501ff8200010656616c75657301ff8400000010ff810501010454696d6501ff8200000027ff83040101176d61705b737472696e675d696e74657266616365207b7d01ff8400010c0110000050ff80010f010000000ee0bb74c01d7a28c0ffff01010a6163636f756e745f696406737472696e670c26002430313939616238612d643363342d373663382d393034352d35666164313164333064353700	2025-11-28 10:47:28.494545
aiL4sFnRXG_gASR17wdw5Bg7rLqy8u1AWEniCXC53DM	\\x257f030102ff800001020108446561646c696e6501ff8200010656616c75657301ff8400000010ff810501010454696d6501ff8200000027ff83040101176d61705b737472696e675d696e74657266616365207b7d01ff8400010c0110000050ff80010f010000000ee0bba7d40fde624dffff01010a6163636f756e745f696406737472696e670c26002430313939616238382d313762622d373139642d396637302d30633836313935643462366500	2025-11-28 14:25:24.266232
nLIreHT-WYIbcsOk3ZfmNyVyMcN4M8LC1gjlbNW53CY	\\x257f030102ff800001020108446561646c696e6501ff8200010656616c75657301ff8400000010ff810501010454696d6501ff8200000027ff83040101176d61705b737472696e675d696e74657266616365207b7d01ff8400010c0110000050ff80010f010000000ee0bfb01933e15440ffff01010a6163636f756e745f696406737472696e670c26002430313939616238612d643363342d373663382d393034352d35666164313164333064353700	2025-12-01 15:49:45.870405
f95Gefsha000SKoE18GvjdvJq-rrc4j8Q0ciATw8Q3c	\\x257f030102ff800001020108446561646c696e6501ff8200010656616c75657301ff8400000010ff810501010454696d6501ff8200000027ff83040101176d61705b737472696e675d696e74657266616365207b7d01ff8400010c0110000050ff80010f010000000ee0cdefdd2913e256ffff01010a6163636f756e745f696406737472696e670c26002430313939616238612d643363342d373663382d393034352d35666164313164333064353700	2025-12-12 11:13:33.689168
\.


--
-- Data for Name: migration_version; Type: TABLE DATA; Schema: public; Owner: valvx
--

COPY public.migration_version (version) FROM stdin;
1
\.


--
-- Data for Name: opus_comment; Type: TABLE DATA; Schema: public; Owner: valvx
--

COPY public.opus_comment (id, created_at, updated_at, body, ticket_id, creator_id) FROM stdin;
0199cd64-f10d-77c8-bedb-303992412f24	2025-10-10 09:12:48.654806	2025-10-10 09:12:48.654806	När kan vi börja med projekteringen?	0199cd5f-dddd-76dd-9a5d-6f6f14640644	4b95668f-9cbb-4526-836d-a188290e3799
\.


--
-- Data for Name: opus_status; Type: TABLE DATA; Schema: public; Owner: valvx
--

COPY public.opus_status (id, created_at, updated_at, kind, name, sortpos, color, project_id) FROM stdin;
0199abb2-816b-7561-bba7-a12a4deb63b2	2025-10-03 20:10:26.540659	2025-10-03 20:10:26.540659	comment	Ny	1	#f064be	af96c893-cbb8-4190-ab1b-8d394a3b6c7e
0199abb2-e1d1-792a-8b6a-2a1e0128f25b	2025-10-03 20:10:51.219089	2025-10-03 20:10:51.219089	comment	Ska åtgärdas	2	#ff0000	af96c893-cbb8-4190-ab1b-8d394a3b6c7e
0199abb3-3c6e-7bc8-8fa8-cf675c12d7d9	2025-10-03 20:11:14.41522	2025-10-03 20:11:14.41522	comment	Avvisas	3	#7f7f7f	af96c893-cbb8-4190-ab1b-8d394a3b6c7e
0199abb3-7b72-7691-9e85-ed802f3e1e85	2025-10-03 20:11:30.546744	2025-10-03 20:11:30.546744	comment	Ny granskning	4	#ff8200	af96c893-cbb8-4190-ab1b-8d394a3b6c7e
0199abb3-d606-7272-ba8c-cda8492c761e	2025-10-03 20:11:53.734385	2025-10-03 20:11:53.734385	comment	Annat forum eller skede	5	#0070c0	af96c893-cbb8-4190-ab1b-8d394a3b6c7e
0199abb4-4357-7bc8-be2c-9cbaaf3530fb	2025-10-03 20:12:21.720003	2025-10-03 20:12:21.720003	comment	Har åtgärdats	6	#92d050	af96c893-cbb8-4190-ab1b-8d394a3b6c7e
0199abb5-d536-74e7-9fbb-b185330d4d29	2025-10-03 20:14:04.598608	2025-10-03 20:14:04.598608	phase	Planerad	1	#8d8d8d	af96c893-cbb8-4190-ab1b-8d394a3b6c7e
0199abb6-b768-71f6-8fad-b2e432cc01ea	2025-10-03 20:15:02.504427	2025-10-03 20:15:02.504427	phase	Pågående	2	#4589ff	af96c893-cbb8-4190-ab1b-8d394a3b6c7e
0199abb7-2266-748d-ba45-a5429a65cb67	2025-10-03 20:15:29.894735	2025-10-03 20:15:29.894735	phase	Klar	3	#42be65	af96c893-cbb8-4190-ab1b-8d394a3b6c7e
0199cd3a-d3aa-7613-9d0b-02a7f2a6793c	2025-10-10 08:26:48.619975	2025-10-10 08:26:48.619975	phase	Planerad	1	#8d8d8d	aa03cc85-fe34-4ffd-b25f-e2edbef08b59
0199cd3b-515e-74e7-8b12-211d46c2ec35	2025-10-10 08:27:20.798826	2025-10-10 08:27:20.798826	phase	Pågående	2	#4589ff	aa03cc85-fe34-4ffd-b25f-e2edbef08b59
0199cd3b-d071-7f09-a384-c498535d1744	2025-10-10 08:27:53.330628	2025-10-10 08:27:53.330628	phase	Klar	3	#42be65	aa03cc85-fe34-4ffd-b25f-e2edbef08b59
0199cd3d-1af8-7793-aeae-680921e5b80d	2025-10-10 08:29:17.945141	2025-10-10 08:29:17.945141	comment	Ny	1	#f064be	aa03cc85-fe34-4ffd-b25f-e2edbef08b59
0199cd3d-6b5a-7a49-b307-ba7dc19bddda	2025-10-10 08:29:38.52304	2025-10-10 08:29:38.52304	comment	Ska åtgärdas	2	#ff0000	aa03cc85-fe34-4ffd-b25f-e2edbef08b59
0199cd3d-b166-7993-a5bb-6263b0e48354	2025-10-10 08:29:56.458961	2025-10-10 08:29:56.458961	comment	Avvisas	3	#7f7f7f	aa03cc85-fe34-4ffd-b25f-e2edbef08b59
0199cd3e-00bd-7d0c-9c63-1de1353ffead	2025-10-10 08:30:16.766634	2025-10-10 08:30:16.766634	comment	Ny granskning	4	#ff8200	aa03cc85-fe34-4ffd-b25f-e2edbef08b59
0199cd3e-4c79-721c-8413-feb983247634	2025-10-10 08:30:36.153402	2025-10-10 08:30:36.153402	comment	Annat forum eller skede	5	#0070c0	aa03cc85-fe34-4ffd-b25f-e2edbef08b59
0199cd3e-9c86-7d18-aee8-956bd92a327c	2025-10-10 08:30:56.647149	2025-10-10 08:30:56.647149	comment	Har åtgärdats	6	#92d050	aa03cc85-fe34-4ffd-b25f-e2edbef08b59
\.


--
-- Data for Name: opus_ticket; Type: TABLE DATA; Schema: public; Owner: valvx
--

COPY public.opus_ticket (id, created_at, updated_at, kind, number, title, description, start_date, due_date, file_comment, project_id, parent_id, status_id, creator_id, assignee_id, file_version_id) FROM stdin;
0199cd52-66ba-729e-a38d-9b9925f73675	2025-10-10 08:52:33.595981	2025-10-10 08:52:33.595981	comment	1	Den här delen behöver åtgärdas		\N	\N	{"kind": "area_rect", "pos_x": 1648.3879899627943, "pos_y": 988.2374318594798, "size_h": 443.4143808946962, "size_w": 316.1564419832139, "page_num": 1}	aa03cc85-fe34-4ffd-b25f-e2edbef08b59	\N	0199cd3d-1af8-7793-aeae-680921e5b80d	4b95668f-9cbb-4526-836d-a188290e3799	\N	0199cd4b-6619-78db-af41-af59a5446de9
0199cd54-9f5e-72c6-a350-d4bdfe12bc13	2025-10-10 08:54:59.166664	2025-10-10 08:54:59.166664	comment	2	Ändra den här listan	Listan borde se ut på ett annat sätt.	\N	\N	{"kind": "area_rect", "pos_x": 900.8333333333334, "pos_y": 105, "size_h": 362.5, "size_w": 162.5, "page_num": 1}	aa03cc85-fe34-4ffd-b25f-e2edbef08b59	\N	0199cd3d-1af8-7793-aeae-680921e5b80d	4b95668f-9cbb-4526-836d-a188290e3799	\N	0199cd53-3a93-766f-a92a-f01167355826
0199cd55-503a-78ba-9bf4-daa297a90712	2025-10-10 08:55:44.443197	2025-10-10 08:55:44.443197	comment	3	Korrigera formen på detta element	Detta element ska ha en annan form än vad det har nu.	\N	\N	{"kind": "area_rect", "pos_x": 475.83333333333337, "pos_y": 471.6666666666667, "size_h": 110, "size_w": 90, "page_num": 2}	aa03cc85-fe34-4ffd-b25f-e2edbef08b59	\N	0199cd3d-1af8-7793-aeae-680921e5b80d	4b95668f-9cbb-4526-836d-a188290e3799	\N	0199cd53-3a93-766f-a92a-f01167355826
0199cd55-ab5a-77d7-a85b-e12cda12b806	2025-10-10 08:56:07.770955	2025-10-10 08:56:07.770955	comment	4	Flytta den här 20 meter norrut		\N	\N	{"kind": "area_rect", "pos_x": 33.73228346456693, "pos_y": 332.503937007874, "size_h": 96.37795275590551, "size_w": 81.92125984251969, "page_num": 2}	aa03cc85-fe34-4ffd-b25f-e2edbef08b59	\N	0199cd3d-1af8-7793-aeae-680921e5b80d	4b95668f-9cbb-4526-836d-a188290e3799	\N	0199cd53-3a93-766f-a92a-f01167355826
0199cd60-5806-7368-bb54-222a5d50c5fc	2025-10-10 09:07:47.33466	2025-10-10 09:08:32.531449	phase	7	Genomförande	\N	2025-11-03	2025-11-14	\N	aa03cc85-fe34-4ffd-b25f-e2edbef08b59	\N	0199cd3a-d3aa-7613-9d0b-02a7f2a6793c	4b95668f-9cbb-4526-836d-a188290e3799	711aa904-be9f-48d7-b1e4-9e6c582e4f69	\N
0199cd5f-dddd-76dd-9a5d-6f6f14640644	2025-10-10 09:07:16.062001	2025-10-10 09:08:36.856553	phase	6	Projektering	\N	2025-10-20	2025-10-31	\N	aa03cc85-fe34-4ffd-b25f-e2edbef08b59	\N	0199cd3a-d3aa-7613-9d0b-02a7f2a6793c	4b95668f-9cbb-4526-836d-a188290e3799	711aa904-be9f-48d7-b1e4-9e6c582e4f69	\N
0199cd60-d3e9-76e7-bc98-a8957410df21	2025-10-10 09:08:19.049999	2025-10-10 09:08:40.818854	phase	8	Avslut	\N	2025-11-17	2025-11-21	\N	aa03cc85-fe34-4ffd-b25f-e2edbef08b59	\N	0199cd3a-d3aa-7613-9d0b-02a7f2a6793c	4b95668f-9cbb-4526-836d-a188290e3799	711aa904-be9f-48d7-b1e4-9e6c582e4f69	\N
0199cd5f-84e4-7426-ab10-3419b782a480	2025-10-10 09:06:53.284728	2025-10-10 09:12:04.601868	phase	5	Förstudie	\N	2025-10-06	2025-10-17	\N	aa03cc85-fe34-4ffd-b25f-e2edbef08b59	\N	0199cd3b-515e-74e7-8b12-211d46c2ec35	4b95668f-9cbb-4526-836d-a188290e3799	711aa904-be9f-48d7-b1e4-9e6c582e4f69	\N
0199ce73-1524-7a92-b933-62b179910d6e	2025-10-10 14:07:52.614418	2025-10-10 14:07:52.614418	phase	1	Filer	Varför expanderas projekteringsmappen varje gång man trycker på någon av huvudrubrikerna i filer? 	2025-10-10	2025-10-14	\N	af96c893-cbb8-4190-ab1b-8d394a3b6c7e	\N	0199abb5-d536-74e7-9fbb-b185330d4d29	1c8b3124-2360-43bd-838a-052f02949b0d	a45085be-19c0-4e5c-981f-baccc55aad3c	\N
0199ce74-0602-79b8-a304-23ddd43fe732	2025-10-10 14:08:54.276223	2025-10-10 14:08:54.276223	phase	2	Tickets	Varför funkar bara Phase och inte dom andra?	2025-10-10	2025-10-14	\N	af96c893-cbb8-4190-ab1b-8d394a3b6c7e	\N	0199abb5-d536-74e7-9fbb-b185330d4d29	1c8b3124-2360-43bd-838a-052f02949b0d	a45085be-19c0-4e5c-981f-baccc55aad3c	\N
0199ce75-32da-7996-b931-cd017e6e0135	2025-10-10 14:10:11.291241	2025-10-10 14:10:11.291241	phase	3	kategorier etc	saknas funktioner för att kunna kategorisera frågor och koppla dom till dokument	2025-10-10	2025-10-14	\N	af96c893-cbb8-4190-ab1b-8d394a3b6c7e	\N	0199abb5-d536-74e7-9fbb-b185330d4d29	1c8b3124-2360-43bd-838a-052f02949b0d	a45085be-19c0-4e5c-981f-baccc55aad3c	\N
0199ce78-6e9b-7d81-ab1a-acd8b34eb9e5	2025-10-10 14:13:43.196521	2025-10-10 14:13:43.196521	phase	4	Endast en filhanterare	Jag upplever att detta endast är en filhanterare idag? \nAmbitionen var ju att bygga på OS modulen och förfina den med delar som saknades/inte fungerade optimalt. en del var filhantering. nu har vi byggt en filhanterare bara?\nJag upplever inte i dagsläget, såtillvida att det kanske är något jag inte förstår såklart, att denna produkt är ett konkurrenskraftigt verktyg istället för Dalux	2025-10-10	2025-10-14	\N	af96c893-cbb8-4190-ab1b-8d394a3b6c7e	\N	0199abb5-d536-74e7-9fbb-b185330d4d29	1c8b3124-2360-43bd-838a-052f02949b0d	ce9d613a-ab1a-45e9-a8ff-6690518bb2fe	\N
0199dccb-3e29-7610-ad6b-05a5235a6981	2025-10-13 08:58:51.307314	2025-10-13 08:58:51.307314	comment	9	tes	ste	\N	\N	{"kind": "area_rect", "pos_x": 4010.4773622047232, "pos_y": 2123.1938976377946, "size_h": 918.8090551181099, "size_w": 1552.0423228346451, "page_num": 1}	aa03cc85-fe34-4ffd-b25f-e2edbef08b59	\N	0199cd3d-1af8-7793-aeae-680921e5b80d	711aa904-be9f-48d7-b1e4-9e6c582e4f69	\N	0199cd62-3dff-7693-9695-a6bf43ce3dcd
0199f137-d9c3-74f7-b187-10272c7e776b	2025-10-17 08:09:53.349399	2025-10-17 08:09:53.349399	comment	5	Hejhopp	Funkar denna	\N	\N	{"kind": "area_rect", "pos_x": 1262.9850695187165, "pos_y": 176.48175401069517, "size_h": 202.89398930481283, "size_w": 172.8800855614973, "page_num": 1}	af96c893-cbb8-4190-ab1b-8d394a3b6c7e	\N	0199abb2-816b-7561-bba7-a12a4deb63b2	1c8b3124-2360-43bd-838a-052f02949b0d	\N	0199f137-4318-7429-96bb-46a81e5d0a1f
019a0b80-e637-7bfb-b281-fd397486afc7	2025-10-22 10:39:48.281052	2025-10-22 10:39:48.281052	phase	6	Ommålning KBV	NCS xxxx	2025-10-29	2025-11-20	\N	af96c893-cbb8-4190-ab1b-8d394a3b6c7e	\N	0199abb5-d536-74e7-9fbb-b185330d4d29	1c8b3124-2360-43bd-838a-052f02949b0d	\N	\N
019a2ad1-9cc6-77a4-aa60-485cae75c034	2025-10-28 12:36:11.592996	2025-10-28 12:36:11.592996	comment	10	Test	test	\N	\N	{"kind": "area_rect", "pos_x": 1756, "pos_y": 832, "size_h": 480, "size_w": 772, "page_num": 1}	aa03cc85-fe34-4ffd-b25f-e2edbef08b59	\N	0199cd3d-1af8-7793-aeae-680921e5b80d	711aa904-be9f-48d7-b1e4-9e6c582e4f69	\N	0199cd62-3dff-7693-9695-a6bf43ce3dcd
019a4e9f-458c-70b0-a077-68ff1027e3d3	2025-11-04 11:27:32.237318	2025-11-04 11:27:32.237318	phase	7	test06	\N	2025-11-04	2025-11-06	\N	af96c893-cbb8-4190-ab1b-8d394a3b6c7e	\N	0199abb5-d536-74e7-9fbb-b185330d4d29	a45085be-19c0-4e5c-981f-baccc55aad3c	a45085be-19c0-4e5c-981f-baccc55aad3c	\N
\.


--
-- Data for Name: rogo_answer; Type: TABLE DATA; Schema: public; Owner: valvx
--

COPY public.rogo_answer (id, created_at, updated_at, official, body, question_id, author_id) FROM stdin;
019a4e99-84ec-7eb5-8dfd-d43b4f656aac	2025-11-04 11:21:15.246069	2025-11-04 11:21:15.246069	f	Test okej\n	019a4e99-4838-750a-92e6-db6d5b34def3	a45085be-19c0-4e5c-981f-baccc55aad3c
\.


--
-- Data for Name: rogo_question; Type: TABLE DATA; Schema: public; Owner: valvx
--

COPY public.rogo_question (id, created_at, updated_at, published, published_at, archived, archived_at, title, body, project_id, author_id) FROM stdin;
0199abbb-1704-716b-bee8-329dbbb45e32	2025-10-03 20:19:49.125252	2025-10-03 20:19:49.125252	t	2025-10-03 20:19:49.124077	f	\N	Vad är meningen med livet?	\N	aa03cc85-fe34-4ffd-b25f-e2edbef08b59	4b95668f-9cbb-4526-836d-a188290e3799
0199cd62-e8b3-7525-985f-f4af118cb684	2025-10-10 09:10:35.444091	2025-10-10 09:10:35.444091	t	2025-10-10 09:10:35.443321	f	\N	När ska vi börja med rören i källaren?	\N	aa03cc85-fe34-4ffd-b25f-e2edbef08b59	4b95668f-9cbb-4526-836d-a188290e3799
0199ce79-30c9-7a08-95b3-b1f404042857	2025-10-10 14:14:32.907394	2025-10-10 14:14:32.907394	t	2025-10-10 14:14:32.905599	f	\N	Skillnad?!	Vad är skillnad på Bulletins och Questions?	af96c893-cbb8-4190-ab1b-8d394a3b6c7e	1c8b3124-2360-43bd-838a-052f02949b0d
0199f139-13f6-78a9-aba5-e2d131da5fcb	2025-10-17 08:11:13.783383	2025-10-17 08:11:13.783383	t	2025-10-17 08:11:13.782547	f	\N	Tickets på handling hamnar inte här?	\N	af96c893-cbb8-4190-ab1b-8d394a3b6c7e	1c8b3124-2360-43bd-838a-052f02949b0d
0199f139-a848-7d84-8cd9-ff48b1c12219	2025-10-17 08:11:51.75429	2025-10-17 08:11:51.75429	t	2025-10-17 08:11:51.752872	f	\N	Tickets på handling går inte att sätta ansvarig eller disciplin	\N	af96c893-cbb8-4190-ab1b-8d394a3b6c7e	1c8b3124-2360-43bd-838a-052f02949b0d
019a4e99-4838-750a-92e6-db6d5b34def3	2025-11-04 11:20:59.70576	2025-11-04 11:20:59.70576	t	2025-11-04 11:20:59.704301	f	\N	Test 001	\N	af96c893-cbb8-4190-ab1b-8d394a3b6c7e	a45085be-19c0-4e5c-981f-baccc55aad3c
\.


--
-- Name: arca_file pk_arca_file; Type: CONSTRAINT; Schema: public; Owner: valvx
--

ALTER TABLE ONLY public.arca_file
    ADD CONSTRAINT pk_arca_file PRIMARY KEY (id);


--
-- Name: arca_file_version pk_arca_file_version; Type: CONSTRAINT; Schema: public; Owner: valvx
--

ALTER TABLE ONLY public.arca_file_version
    ADD CONSTRAINT pk_arca_file_version PRIMARY KEY (id);


--
-- Name: arca_folder pk_arca_folder; Type: CONSTRAINT; Schema: public; Owner: valvx
--

ALTER TABLE ONLY public.arca_folder
    ADD CONSTRAINT pk_arca_folder PRIMARY KEY (id);


--
-- Name: arca_folder_file pk_arca_folder_file; Type: CONSTRAINT; Schema: public; Owner: valvx
--

ALTER TABLE ONLY public.arca_folder_file
    ADD CONSTRAINT pk_arca_folder_file PRIMARY KEY (folder_id, file_id);


--
-- Name: core_project pk_core_project; Type: CONSTRAINT; Schema: public; Owner: valvx
--

ALTER TABLE ONLY public.core_project
    ADD CONSTRAINT pk_core_project PRIMARY KEY (id);


--
-- Name: core_tenant pk_core_tenant; Type: CONSTRAINT; Schema: public; Owner: valvx
--

ALTER TABLE ONLY public.core_tenant
    ADD CONSTRAINT pk_core_tenant PRIMARY KEY (id);


--
-- Name: diurna_bulletin pk_diurna_bulletin; Type: CONSTRAINT; Schema: public; Owner: valvx
--

ALTER TABLE ONLY public.diurna_bulletin
    ADD CONSTRAINT pk_diurna_bulletin PRIMARY KEY (id);


--
-- Name: iam_account pk_iam_account; Type: CONSTRAINT; Schema: public; Owner: valvx
--

ALTER TABLE ONLY public.iam_account
    ADD CONSTRAINT pk_iam_account PRIMARY KEY (id);


--
-- Name: iam_group pk_iam_group; Type: CONSTRAINT; Schema: public; Owner: valvx
--

ALTER TABLE ONLY public.iam_group
    ADD CONSTRAINT pk_iam_group PRIMARY KEY (id);


--
-- Name: iam_group_membership pk_iam_group_membership; Type: CONSTRAINT; Schema: public; Owner: valvx
--

ALTER TABLE ONLY public.iam_group_membership
    ADD CONSTRAINT pk_iam_group_membership PRIMARY KEY (group_id, profile_id);


--
-- Name: iam_ident pk_iam_ident; Type: CONSTRAINT; Schema: public; Owner: valvx
--

ALTER TABLE ONLY public.iam_ident
    ADD CONSTRAINT pk_iam_ident PRIMARY KEY (id);


--
-- Name: iam_profile pk_iam_profile; Type: CONSTRAINT; Schema: public; Owner: valvx
--

ALTER TABLE ONLY public.iam_profile
    ADD CONSTRAINT pk_iam_profile PRIMARY KEY (id);


--
-- Name: iam_session pk_iam_session; Type: CONSTRAINT; Schema: public; Owner: valvx
--

ALTER TABLE ONLY public.iam_session
    ADD CONSTRAINT pk_iam_session PRIMARY KEY (token);


--
-- Name: opus_comment pk_opus_comment; Type: CONSTRAINT; Schema: public; Owner: valvx
--

ALTER TABLE ONLY public.opus_comment
    ADD CONSTRAINT pk_opus_comment PRIMARY KEY (id);


--
-- Name: opus_status pk_opus_status; Type: CONSTRAINT; Schema: public; Owner: valvx
--

ALTER TABLE ONLY public.opus_status
    ADD CONSTRAINT pk_opus_status PRIMARY KEY (id);


--
-- Name: opus_ticket pk_opus_ticket; Type: CONSTRAINT; Schema: public; Owner: valvx
--

ALTER TABLE ONLY public.opus_ticket
    ADD CONSTRAINT pk_opus_ticket PRIMARY KEY (id);


--
-- Name: rogo_answer pk_rogo_answer; Type: CONSTRAINT; Schema: public; Owner: valvx
--

ALTER TABLE ONLY public.rogo_answer
    ADD CONSTRAINT pk_rogo_answer PRIMARY KEY (id);


--
-- Name: rogo_question pk_rogo_question; Type: CONSTRAINT; Schema: public; Owner: valvx
--

ALTER TABLE ONLY public.rogo_question
    ADD CONSTRAINT pk_rogo_question PRIMARY KEY (id);


--
-- Name: migration_version unique_version; Type: CONSTRAINT; Schema: public; Owner: valvx
--

ALTER TABLE ONLY public.migration_version
    ADD CONSTRAINT unique_version UNIQUE (version);


--
-- Name: iam_ident uq_iam_ident_email; Type: CONSTRAINT; Schema: public; Owner: valvx
--

ALTER TABLE ONLY public.iam_ident
    ADD CONSTRAINT uq_iam_ident_email UNIQUE (email);


--
-- Name: iam_profile uq_iam_profile_project_ident; Type: CONSTRAINT; Schema: public; Owner: valvx
--

ALTER TABLE ONLY public.iam_profile
    ADD CONSTRAINT uq_iam_profile_project_ident UNIQUE (project_id, ident_id);


--
-- Name: opus_ticket uq_opus_ticket_project_number; Type: CONSTRAINT; Schema: public; Owner: valvx
--

ALTER TABLE ONLY public.opus_ticket
    ADD CONSTRAINT uq_opus_ticket_project_number UNIQUE (project_id, number);


--
-- Name: iam_ident fk_account; Type: FK CONSTRAINT; Schema: public; Owner: valvx
--

ALTER TABLE ONLY public.iam_ident
    ADD CONSTRAINT fk_account FOREIGN KEY (account_id) REFERENCES public.iam_account(id);


--
-- Name: opus_ticket fk_assignee; Type: FK CONSTRAINT; Schema: public; Owner: valvx
--

ALTER TABLE ONLY public.opus_ticket
    ADD CONSTRAINT fk_assignee FOREIGN KEY (assignee_id) REFERENCES public.iam_profile(id);


--
-- Name: diurna_bulletin fk_author; Type: FK CONSTRAINT; Schema: public; Owner: valvx
--

ALTER TABLE ONLY public.diurna_bulletin
    ADD CONSTRAINT fk_author FOREIGN KEY (author_id) REFERENCES public.iam_profile(id);


--
-- Name: rogo_answer fk_author; Type: FK CONSTRAINT; Schema: public; Owner: valvx
--

ALTER TABLE ONLY public.rogo_answer
    ADD CONSTRAINT fk_author FOREIGN KEY (author_id) REFERENCES public.iam_profile(id);


--
-- Name: rogo_question fk_author; Type: FK CONSTRAINT; Schema: public; Owner: valvx
--

ALTER TABLE ONLY public.rogo_question
    ADD CONSTRAINT fk_author FOREIGN KEY (author_id) REFERENCES public.iam_profile(id);


--
-- Name: arca_file_version fk_creator; Type: FK CONSTRAINT; Schema: public; Owner: valvx
--

ALTER TABLE ONLY public.arca_file_version
    ADD CONSTRAINT fk_creator FOREIGN KEY (creator_id) REFERENCES public.iam_profile(id);


--
-- Name: arca_folder fk_creator; Type: FK CONSTRAINT; Schema: public; Owner: valvx
--

ALTER TABLE ONLY public.arca_folder
    ADD CONSTRAINT fk_creator FOREIGN KEY (creator_id) REFERENCES public.iam_profile(id);


--
-- Name: opus_ticket fk_creator; Type: FK CONSTRAINT; Schema: public; Owner: valvx
--

ALTER TABLE ONLY public.opus_ticket
    ADD CONSTRAINT fk_creator FOREIGN KEY (creator_id) REFERENCES public.iam_profile(id);


--
-- Name: arca_file_version fk_file; Type: FK CONSTRAINT; Schema: public; Owner: valvx
--

ALTER TABLE ONLY public.arca_file_version
    ADD CONSTRAINT fk_file FOREIGN KEY (file_id) REFERENCES public.arca_file(id);


--
-- Name: arca_folder_file fk_file; Type: FK CONSTRAINT; Schema: public; Owner: valvx
--

ALTER TABLE ONLY public.arca_folder_file
    ADD CONSTRAINT fk_file FOREIGN KEY (file_id) REFERENCES public.arca_file(id);


--
-- Name: opus_ticket fk_file_version; Type: FK CONSTRAINT; Schema: public; Owner: valvx
--

ALTER TABLE ONLY public.opus_ticket
    ADD CONSTRAINT fk_file_version FOREIGN KEY (file_version_id) REFERENCES public.arca_file_version(id);


--
-- Name: arca_folder_file fk_folder; Type: FK CONSTRAINT; Schema: public; Owner: valvx
--

ALTER TABLE ONLY public.arca_folder_file
    ADD CONSTRAINT fk_folder FOREIGN KEY (folder_id) REFERENCES public.arca_folder(id);


--
-- Name: iam_group_membership fk_group; Type: FK CONSTRAINT; Schema: public; Owner: valvx
--

ALTER TABLE ONLY public.iam_group_membership
    ADD CONSTRAINT fk_group FOREIGN KEY (group_id) REFERENCES public.iam_group(id);


--
-- Name: iam_profile fk_ident; Type: FK CONSTRAINT; Schema: public; Owner: valvx
--

ALTER TABLE ONLY public.iam_profile
    ADD CONSTRAINT fk_ident FOREIGN KEY (ident_id) REFERENCES public.iam_ident(id);


--
-- Name: iam_profile fk_inviter; Type: FK CONSTRAINT; Schema: public; Owner: valvx
--

ALTER TABLE ONLY public.iam_profile
    ADD CONSTRAINT fk_inviter FOREIGN KEY (inviter_id) REFERENCES public.iam_profile(id);


--
-- Name: arca_folder fk_parent; Type: FK CONSTRAINT; Schema: public; Owner: valvx
--

ALTER TABLE ONLY public.arca_folder
    ADD CONSTRAINT fk_parent FOREIGN KEY (parent_id) REFERENCES public.arca_folder(id);


--
-- Name: opus_ticket fk_parent; Type: FK CONSTRAINT; Schema: public; Owner: valvx
--

ALTER TABLE ONLY public.opus_ticket
    ADD CONSTRAINT fk_parent FOREIGN KEY (parent_id) REFERENCES public.opus_ticket(id);


--
-- Name: iam_group_membership fk_profile; Type: FK CONSTRAINT; Schema: public; Owner: valvx
--

ALTER TABLE ONLY public.iam_group_membership
    ADD CONSTRAINT fk_profile FOREIGN KEY (profile_id) REFERENCES public.iam_profile(id);


--
-- Name: arca_folder fk_project; Type: FK CONSTRAINT; Schema: public; Owner: valvx
--

ALTER TABLE ONLY public.arca_folder
    ADD CONSTRAINT fk_project FOREIGN KEY (project_id) REFERENCES public.core_project(id);


--
-- Name: diurna_bulletin fk_project; Type: FK CONSTRAINT; Schema: public; Owner: valvx
--

ALTER TABLE ONLY public.diurna_bulletin
    ADD CONSTRAINT fk_project FOREIGN KEY (project_id) REFERENCES public.core_project(id);


--
-- Name: iam_group fk_project; Type: FK CONSTRAINT; Schema: public; Owner: valvx
--

ALTER TABLE ONLY public.iam_group
    ADD CONSTRAINT fk_project FOREIGN KEY (project_id) REFERENCES public.core_project(id);


--
-- Name: iam_profile fk_project; Type: FK CONSTRAINT; Schema: public; Owner: valvx
--

ALTER TABLE ONLY public.iam_profile
    ADD CONSTRAINT fk_project FOREIGN KEY (project_id) REFERENCES public.core_project(id);


--
-- Name: opus_status fk_project; Type: FK CONSTRAINT; Schema: public; Owner: valvx
--

ALTER TABLE ONLY public.opus_status
    ADD CONSTRAINT fk_project FOREIGN KEY (project_id) REFERENCES public.core_project(id);


--
-- Name: opus_ticket fk_project; Type: FK CONSTRAINT; Schema: public; Owner: valvx
--

ALTER TABLE ONLY public.opus_ticket
    ADD CONSTRAINT fk_project FOREIGN KEY (project_id) REFERENCES public.core_project(id);


--
-- Name: rogo_question fk_project; Type: FK CONSTRAINT; Schema: public; Owner: valvx
--

ALTER TABLE ONLY public.rogo_question
    ADD CONSTRAINT fk_project FOREIGN KEY (project_id) REFERENCES public.core_project(id);


--
-- Name: rogo_answer fk_question; Type: FK CONSTRAINT; Schema: public; Owner: valvx
--

ALTER TABLE ONLY public.rogo_answer
    ADD CONSTRAINT fk_question FOREIGN KEY (question_id) REFERENCES public.rogo_question(id);


--
-- Name: opus_ticket fk_status; Type: FK CONSTRAINT; Schema: public; Owner: valvx
--

ALTER TABLE ONLY public.opus_ticket
    ADD CONSTRAINT fk_status FOREIGN KEY (status_id) REFERENCES public.opus_status(id);


--
-- Name: core_project fk_tenant; Type: FK CONSTRAINT; Schema: public; Owner: valvx
--

ALTER TABLE ONLY public.core_project
    ADD CONSTRAINT fk_tenant FOREIGN KEY (tenant_id) REFERENCES public.core_tenant(id);


--
-- Name: iam_group fk_tenant; Type: FK CONSTRAINT; Schema: public; Owner: valvx
--

ALTER TABLE ONLY public.iam_group
    ADD CONSTRAINT fk_tenant FOREIGN KEY (tenant_id) REFERENCES public.core_tenant(id);


--
-- Name: opus_comment fk_ticket; Type: FK CONSTRAINT; Schema: public; Owner: valvx
--

ALTER TABLE ONLY public.opus_comment
    ADD CONSTRAINT fk_ticket FOREIGN KEY (ticket_id) REFERENCES public.opus_ticket(id);


--
-- PostgreSQL database dump complete
--

\unrestrict HU8g9NUSpPa9DKh8VjYImG5GpxnuRj8dAgineJ939UH1gW0eXhJEdTNbjc82zWa

